Ritz wavelength (nm),I I (2.7e-01)
183.038014,6.024e+3
184.444643,7.208e+2
206.16255,6.284e+2