Ritz wavelength (nm),Te I (1.5e-01)
214.28218,4.886e+4
225.90344,4.499e+3
238.32769,6.327e+3
238.5792,1.265e+4
253.07382,3.831e+2